{
  "run_name": "yolo_world_L",
  "model": "yolov8l-worldv2.pt",
  "class_prompts": [
    "hard hat",
    "no hard hat",
    "person"
  ],
  "timestamp": "2026-04-19T15:37:40.592165",
  "pictor_ppe": {
    "mAP50": 0.5483744653750168,
    "mAP50_95": 0.3925696739928153,
    "precision": 0.5796406760092164,
    "recall": 0.49460742952337683,
    "hard_hat_AP50": 0.7127213664989737,
    "no_hard_hat_AP50": 0.0,
    "person_AP50": 0.9324020296260768,
    "hard_hat_AP50_95": 0.41959037721307235,
    "no_hard_hat_AP50_95": 0.0,
    "person_AP50_95": 0.7581186447653735
  },
  "shwd": {
    "mAP50": 0.2525703085490173,
    "mAP50_95": 0.0481095438165207,
    "precision": 0.33099864985824023,
    "recall": 0.3338346642023986,
    "hard_hat_AP50": 0.4955749099104027,
    "person_AP50": 0.009565707187631892,
    "hard_hat_AP50_95": 0.09405868018712425,
    "person_AP50_95": 0.00216040744591715
  },
  "chv": {
    "mAP50": 0.8752250402551067,
    "mAP50_95": 0.432537717858986,
    "precision": 0.8431107049388997,
    "recall": 0.8545446720882276,
    "hard_hat_AP50": 0.8921785567767083,
    "person_AP50": 0.8582715237335051,
    "hard_hat_AP50_95": 0.4501920465949761,
    "person_AP50_95": 0.4148833891229959
  }
}