{
  "run_name": "yolo_world_L_conf_sweep",
  "model": "yolov8l-worldv2.pt",
  "class_prompts": [
    "hard hat",
    "no hard hat",
    "person"
  ],
  "timestamp": "2026-04-19T20:01:30.785841",
  "domains": [
    [
      "pictor_ppe",
      "pictor.yaml"
    ],
    [
      "shwd",
      "shwd.yaml"
    ]
  ],
  "conf_grid": [
    0.001,
    0.01,
    0.1,
    0.25
  ],
  "pictor_ppe": {
    "best_conf": 0.001,
    "results": [
      {
        "conf": 0.001,
        "mAP50": 0.5483744653750168,
        "mAP50_95": 0.3925696739928153,
        "precision": 0.5796406760092164,
        "recall": 0.49460742952337683,
        "hard_hat_AP50": 0.7127213664989737,
        "no_hard_hat_AP50": 0.0,
        "person_AP50": 0.9324020296260768,
        "hard_hat_AP50_95": 0.41959037721307235,
        "no_hard_hat_AP50_95": 0.0,
        "person_AP50_95": 0.7581186447653735
      },
      {
        "conf": 0.01,
        "mAP50": 0.5348338815474952,
        "mAP50_95": 0.3868112051376323,
        "precision": 0.5796406760092164,
        "recall": 0.49460742952337683,
        "hard_hat_AP50": 0.6775251863641137,
        "no_hard_hat_AP50": 0.0,
        "person_AP50": 0.9269764582783719,
        "hard_hat_AP50_95": 0.4050819467734176,
        "no_hard_hat_AP50_95": 0.0,
        "person_AP50_95": 0.7553516686394792
      },
      {
        "conf": 0.1,
        "mAP50": 0.4904373618081775,
        "mAP50_95": 0.36516995857744455,
        "precision": 0.5725724906327935,
        "recall": 0.5008383635144199,
        "hard_hat_AP50": 0.564180159925221,
        "no_hard_hat_AP50": 0.0,
        "person_AP50": 0.9071319254993117,
        "hard_hat_AP50_95": 0.3484446151671431,
        "no_hard_hat_AP50_95": 0.0,
        "person_AP50_95": 0.7470652605651905
      },
      {
        "conf": 0.25,
        "mAP50": 0.4376078232135461,
        "mAP50_95": 0.33234546025600803,
        "precision": 0.6177582762557078,
        "recall": 0.4416444905995111,
        "hard_hat_AP50": 0.43935974264705885,
        "no_hard_hat_AP50": 0.0,
        "person_AP50": 0.8734637269935793,
        "hard_hat_AP50_95": 0.27492007556108605,
        "no_hard_hat_AP50_95": 0.0,
        "person_AP50_95": 0.722116305206938
      }
    ]
  },
  "shwd": {
    "best_conf": 0.001,
    "results": [
      {
        "conf": 0.001,
        "mAP50": 0.2525703085490173,
        "mAP50_95": 0.0481095438165207,
        "precision": 0.33099864985824023,
        "recall": 0.3338346642023986,
        "hard_hat_AP50": 0.4955749099104027,
        "person_AP50": 0.009565707187631892,
        "hard_hat_AP50_95": 0.09405868018712425,
        "person_AP50_95": 0.00216040744591715
      },
      {
        "conf": 0.01,
        "mAP50": 0.2327733974585565,
        "mAP50_95": 0.0425460273913382,
        "precision": 0.32407487661883894,
        "recall": 0.34180059028384446,
        "hard_hat_AP50": 0.46405931413521095,
        "person_AP50": 0.0014874807819020425,
        "hard_hat_AP50_95": 0.08473704432412284,
        "person_AP50_95": 0.00035501045855355857
      },
      {
        "conf": 0.1,
        "mAP50": 0.1687642607112728,
        "mAP50_95": 0.03099259986729412,
        "precision": 0.36088594503420807,
        "recall": 0.23313437476185966,
        "hard_hat_AP50": 0.33737594410295796,
        "person_AP50": 0.00015257731958762886,
        "hard_hat_AP50_95": 0.06192659276706021,
        "person_AP50_95": 5.860696752803427e-05
      },
      {
        "conf": 0.25,
        "mAP50": 0.09851454652937687,
        "mAP50_95": 0.01868871181358636,
        "precision": 0.37233957204685686,
        "recall": 0.1298892478922677,
        "hard_hat_AP50": 0.19691076259403772,
        "person_AP50": 0.00011833046471600689,
        "hard_hat_AP50_95": 0.03733626345913094,
        "person_AP50_95": 4.116016804177812e-05
      }
    ]
  }
}