{
  "run_name": "sh17_yolov8m",
  "timestamp": "2026-04-19T19:43:21.788286",
  "source": {
    "mAP50": 0.644176174498107,
    "mAP50_95": 0.4222726185370402
  },
  "pictor_ppe": {
    "mAP50": 0.011436016835171018,
    "mAP50_95": 0.004435103896355865,
    "precision": 0.14516251772824454,
    "recall": 0.09274463988230458,
    "hard_hat_AP50": 0.01673913043478261,
    "no_hard_hat_AP50": 0.00016571428571428575,
    "person_AP50": 0.017403205785016158,
    "hard_hat_AP50_95": 0.00734731990622336,
    "no_hard_hat_AP50_95": 4.9714285714285725e-05,
    "person_AP50_95": 0.00590827749712995
  },
  "shwd": {
    "mAP50": 0.008410945342742757,
    "mAP50_95": 0.0038149745863986953,
    "precision": 0.13647044119485063,
    "recall": 0.023002475066070817,
    "hard_hat_AP50": 0.016774497320556605,
    "person_AP50": 4.739336492890996e-05,
    "hard_hat_AP50_95": 0.007611011951060507,
    "person_AP50_95": 1.893722173688309e-05
  },
  "chv": {
    "mAP50": 0.021616720557222663,
    "mAP50_95": 0.004428420068002121,
    "precision": 0.13176951832932104,
    "recall": 0.10643485211830535,
    "hard_hat_AP50": 0.006218724778046812,
    "person_AP50": 0.037014716336398516,
    "hard_hat_AP50_95": 0.0018480629539951575,
    "person_AP50_95": 0.007008777182009084
  }
}