{
  "run_name": "sh17_yolov8m",
  "timestamp": "2026-04-20T13:30:04.002987",
  "stage": "S1+S2",
  "alpha": 0.9,
  "conf_threshold": 0.25,
  "lr": 0.01,
  "steps": 5,
  "use_stage1": true,
  "use_stage2": true,
  "adapt_batch": 16,
  "pictor_ppe": {
    "baseline": 0.011436016835171018,
    "datta": 0.012399209350798168,
    "recovery": 0.0009631925156271502,
    "mAP50_95": 0.0047654216067174356,
    "precision": 0.10713539789604376,
    "recall": 0.10200450011899354,
    "hard_hat_AP50": 0.013409090909090909,
    "no_hard_hat_AP50": 0.00017879161528976573,
    "person_AP50": 0.023609745528013825,
    "hard_hat_AP50_95": 0.007067694805194804,
    "no_hard_hat_AP50_95": 5.363748458692972e-05,
    "person_AP50_95": 0.007174932530370573
  },
  "shwd": {
    "baseline": 0.008410945342742757,
    "datta": 0.006564626143321717,
    "recovery": -0.0018463191994210404,
    "mAP50_95": 0.0025038171899264077,
    "precision": 0.15350646046486272,
    "recall": 0.016362035349228577,
    "hard_hat_AP50": 0.013121536237260718,
    "person_AP50": 7.71604938271605e-06,
    "hard_hat_AP50_95": 0.004999918330470099,
    "person_AP50_95": 7.71604938271605e-06
  },
  "chv": {
    "baseline": 0.021616720557222663,
    "datta": 0.023660010391965747,
    "recovery": 0.002043289834743084,
    "mAP50_95": 0.004823422813452251,
    "precision": 0.14082462253193961,
    "recall": 0.11243005595523581,
    "hard_hat_AP50": 0.00867071524966262,
    "person_AP50": 0.038649305534268874,
    "hard_hat_AP50_95": 0.0026270538209011156,
    "person_AP50_95": 0.0070197918060033865
  }
}