{
  "run_name": "sh17_yolov8m",
  "timestamp": "2026-04-20T12:49:51.021595",
  "stage": "S1",
  "alpha": 0.9,
  "conf_threshold": 0.25,
  "lr": 0.005,
  "steps": 1,
  "use_stage1": true,
  "use_stage2": false,
  "adapt_batch": 16,
  "pictor_ppe": {
    "baseline": 0.011436016835171018,
    "datta": 0.010422040324905917,
    "recovery": -0.0010139765102651008,
    "mAP50_95": 0.004257377030630342,
    "precision": 0.12047276759662245,
    "recall": 0.09310702927240865,
    "hard_hat_AP50": 0.011315789473684211,
    "no_hard_hat_AP50": 0.0001715976331360947,
    "person_AP50": 0.019778733867897448,
    "hard_hat_AP50_95": 0.006365131578947368,
    "no_hard_hat_AP50_95": 5.147928994082841e-05,
    "person_AP50_95": 0.006355520223002828
  },
  "shwd": {
    "baseline": 0.008410945342742757,
    "datta": 0.008475579095519855,
    "recovery": 6.46337527770973e-05,
    "mAP50_95": 0.003960459602731761,
    "precision": 0.14493001144466944,
    "recall": 0.023819468530123105,
    "hard_hat_AP50": 0.016901950973981207,
    "person_AP50": 4.9207217058501915e-05,
    "hard_hat_AP50_95": 0.007900816826973928,
    "person_AP50_95": 2.010237848959351e-05
  },
  "chv": {
    "baseline": 0.021616720557222663,
    "datta": 0.022979604345057095,
    "recovery": 0.0013628837878344319,
    "mAP50_95": 0.004868122977898485,
    "precision": 0.14411171364586997,
    "recall": 0.10447641886490808,
    "hard_hat_AP50": 0.009383250723855327,
    "person_AP50": 0.036575957966258864,
    "hard_hat_AP50_95": 0.0028182313909128716,
    "person_AP50_95": 0.006918014564884098
  }
}