{
  "run_name": "sh17_yolov8m",
  "timestamp": "2026-04-20T13:22:27.884066",
  "stage": "S2",
  "alpha": 0.9,
  "conf_threshold": 0.25,
  "lr": 0.01,
  "steps": 5,
  "use_stage1": false,
  "use_stage2": true,
  "adapt_batch": 16,
  "pictor_ppe": {
    "baseline": 0.011436016835171018,
    "datta": 0.011968507652648975,
    "recovery": 0.0005324908174779569,
    "mAP50_95": 0.004775596461801712,
    "precision": 0.11671263892676324,
    "recall": 0.09970035265355574,
    "hard_hat_AP50": 0.015341880341880342,
    "no_hard_hat_AP50": 0.00017261904761904764,
    "person_AP50": 0.020391023568447533,
    "hard_hat_AP50_95": 0.007462454212454212,
    "no_hard_hat_AP50_95": 3.4523809523809526e-05,
    "person_AP50_95": 0.006829811363427117
  },
  "shwd": {
    "baseline": 0.008410945342742757,
    "datta": 0.007750686286311803,
    "recovery": -0.0006602590564309544,
    "mAP50_95": 0.0028532702618079904,
    "precision": 0.15883742674436077,
    "recall": 0.01745135996796496,
    "hard_hat_AP50": 0.015493547846489021,
    "person_AP50": 7.82472613458529e-06,
    "hard_hat_AP50_95": 0.005700280742708313,
    "person_AP50_95": 6.259780907668232e-06
  },
  "chv": {
    "baseline": 0.021616720557222663,
    "datta": 0.022822380067833464,
    "recovery": 0.0012056595106108015,
    "mAP50_95": 0.004854227455552319,
    "precision": 0.13457415565345082,
    "recall": 0.11225419664268585,
    "hard_hat_AP50": 0.00794248366013072,
    "person_AP50": 0.03770227647553621,
    "hard_hat_AP50_95": 0.0026553799988189427,
    "person_AP50_95": 0.007053074912285696
  }
}