{
  "run_name": "sh17_yolov8m",
  "timestamp": "2026-04-20T14:15:26.409610",
  "stage": "S2",
  "alpha": 0.9,
  "conf_threshold": 0.001,
  "lr": 0.01,
  "steps": 5,
  "use_stage1": false,
  "use_stage2": true,
  "adapt_batch": 16,
  "pictor_ppe": {
    "baseline": 0.011436016835171018,
    "datta": 0.012729451832248292,
    "recovery": 0.0012934349970772745,
    "mAP50_95": 0.004859309132187281,
    "precision": 0.11650323927721189,
    "recall": 0.10087406157374353,
    "hard_hat_AP50": 0.01737881606302659,
    "no_hard_hat_AP50": 0.0001738609112709832,
    "person_AP50": 0.020635678522447305,
    "hard_hat_AP50_95": 0.0075129611971717246,
    "no_hard_hat_AP50_95": 3.477218225419664e-05,
    "person_AP50_95": 0.007030194017135923
  },
  "shwd": {
    "baseline": 0.008410945342742757,
    "datta": 0.008795493302680257,
    "recovery": 0.0003845479599375,
    "mAP50_95": 0.0035040512267145436,
    "precision": 0.14292099700546063,
    "recall": 0.021713655833689005,
    "hard_hat_AP50": 0.017569770198005492,
    "person_AP50": 2.1216407355021217e-05,
    "hard_hat_AP50_95": 0.006999904281370607,
    "person_AP50_95": 8.198172058480793e-06
  },
  "chv": {
    "baseline": 0.021616720557222663,
    "datta": 0.02266168738037104,
    "recovery": 0.0010449668231483772,
    "mAP50_95": 0.0048998142278145924,
    "precision": 0.1321897429389286,
    "recall": 0.11336530775379697,
    "hard_hat_AP50": 0.007828638497652581,
    "person_AP50": 0.037494736263089495,
    "hard_hat_AP50_95": 0.0026875027945450483,
    "person_AP50_95": 0.007112125661084136
  }
}