{
  "run_name": "sh17_yolov8m",
  "timestamp": "2026-04-19T22:35:51.681210",
  "decay_factor": 0.94,
  "min_momentum_constant": 0.005,
  "mom_pre": 0.1,
  "n_augments": 64,
  "pictor_ppe": {
    "baseline": 0.011436016835171018,
    "dua": 0.003875844904785503,
    "recovery": -0.007560171930385514,
    "mAP50_95": 0.0013085531424109345,
    "precision": 0.04678362573099415,
    "recall": 0.02462084333960754,
    "hard_hat_AP50": 0.00028571428571428574,
    "no_hard_hat_AP50": 0.0,
    "person_AP50": 0.011341820428642223,
    "hard_hat_AP50_95": 0.00018214285714285714,
    "no_hard_hat_AP50_95": 0.0,
    "person_AP50_95": 0.0037435165700899463
  },
  "shwd": {
    "baseline": 0.008410945342742757,
    "dua": 0.003957072638172454,
    "recovery": -0.004453872704570303,
    "mAP50_95": 0.001254761184270706,
    "precision": 0.0744047619047619,
    "recall": 0.012419553833266544,
    "hard_hat_AP50": 0.007798612542070197,
    "person_AP50": 0.00011553273427471117,
    "hard_hat_AP50_95": 0.002464973925723977,
    "person_AP50_95": 4.4548442817434774e-05
  },
  "chv": {
    "baseline": 0.021616720557222663,
    "dua": 0.01868879721611453,
    "recovery": -0.0029279233411081337,
    "mAP50_95": 0.0039829118259420235,
    "precision": 0.1663265306122449,
    "recall": 0.0866107114308553,
    "hard_hat_AP50": 0.005480769230769231,
    "person_AP50": 0.031896825201459825,
    "hard_hat_AP50_95": 0.0020590418353576253,
    "person_AP50_95": 0.005906781816526421
  }
}