{
  "run_name": "sh17_yolov8m",
  "timestamp": "2026-04-19T21:14:27.514198",
  "steps": 10,
  "lr": 0.005,
  "adapt_batch": 16,
  "pictor_ppe": {
    "baseline": 0.011436016835171018,
    "tent": 0.0016867469879518072,
    "recovery": -0.009749269847219211,
    "hard_hat_AP50": 0.005,
    "no_hard_hat_AP50": 0.0,
    "person_AP50": 6.024096385542169e-05
  },
  "shwd": {
    "baseline": 0.008410945342742757,
    "tent": 0.00015688742296675635,
    "recovery": -0.008254057919776,
    "hard_hat_AP50": 0.0003048780487804878,
    "person_AP50": 8.89679715302491e-06
  },
  "chv": {
    "baseline": 0.021616720557222663,
    "tent": 1.5822784810126583e-05,
    "recovery": -0.021600897772412538,
    "hard_hat_AP50": 0.0,
    "person_AP50": 3.1645569620253167e-05
  }
}