{
  "run_name": "sh17_yolov8m",
  "timestamp": "2026-04-20T01:52:11.649885",
  "lr": 0.00025,
  "steps": 1,
  "rho": 0.05,
  "e_margin": 1.145,
  "reset_constant": 0.2,
  "adapt_batch": 16,
  "pictor_ppe": {
    "baseline": 0.011436016835171018,
    "sar": 0.011427673146989746,
    "recovery": -8.343688181271583e-06,
    "mAP50_95": 0.004434343802886613,
    "precision": 0.144936240716868,
    "recall": 0.09274463988230458,
    "hard_hat_AP50": 0.01673913043478261,
    "no_hard_hat_AP50": 0.000164027149321267,
    "person_AP50": 0.01737986185686536,
    "hard_hat_AP50_95": 0.00734731990622336,
    "no_hard_hat_AP50_95": 4.9208144796380093e-05,
    "person_AP50_95": 0.0059065033576401
  }
}